Transition Orbital,0.20,0.25,0.30,0.35,0.40,0.45,0.50,0.55,0.60,0.65,0.70,0.75,0.80,0.85,0.90,0.95,1.00,1.05,1.10,1.15,1.20,1.25,1.30,1.35,1.40,1.45,1.50,1.55,1.60,1.65,1.70,1.75,1.80,1.85,1.90,1.95,2.00,2.05,2.10,2.15,2.25,2.30,2.35,2.45,2.50,2.55,2.60
1/A1,0.057643010778789999,0.081581747675499999,0.11105475967415999,0.13697539975708001,0.17370219096323,0.21485079942571,0.26316911349041999,0.31625135732212001,0.37573119566723001,0.44238992821772999,0.51544286612670998,0.59373937203598004,0.67894824878491,0.77094374985557002,0.87058283163288996,0.97852641003808005,1.0951208717324701,1.2192636714209499,1.3520162205042401,1.4912084566863999,1.6359093068722601,1.78569851856395,1.9413154976440301,2.11489429874965,2.2982034476578002,2.4403718237645,2.6120841611821,2.7808141276302298,2.9411028100668899,3.08664297845255,3.20612642428252,3.2795829731601098,3.3325337311205501,3.37284198160325,3.4031280733296398,3.52673144218145,3.43929395823573,3.44882458241098,3.45610576044171,3.46135707612429,3.4699512025486299,3.4734637165489599,3.47692761283797,3.4841684659607299,3.48801574017333,3.4919945552496601,3.4960683810012698
2/A1,0.093897645393679993,0.14052445658582999,0.19223742429674001,0.25062154005790999,0.30693719396923003,0.36650596671873997,0.43902991460820001,0.49811127710274,0.57242824956097005,0.66067678677706998,0.75554714079669005,0.85602372947412997,0.96263704614703005,1.07523024463321,1.19455540333018,1.3216563674028901,1.4567832016484501,1.59887821115132,1.7484207643951599,1.90368082594449,2.06296763438201,2.1981020604956099,2.3260832687938802,2.4549161559211101,2.58254510787717,2.7055569127507701,2.8253769001513702,2.93893635441054,3.0438128095618402,3.1380831967577301,3.22597806843127,3.32337636236851,3.4045125883460599,3.4653409327225702,3.51491862598871,3.6303834223885798,3.5624444201758498,3.56874328948741,3.57583725974292,3.57964702778344,3.5843845001995298,3.5863705686308398,3.5885474327456399,3.5938777084965601,3.5969802337715602,3.60034539238944,3.6038866095900799
3/A1,0.094359769807940003,0.1487330866528,0.22433469778241999,0.31995875222725001,0.40057452602030003,0.51156594840189995,0.62958206043619003,0.74747977944790001,0.85429645742237004,0.97704252441119999,1.09844574099406,1.2176952994599699,1.33174496397511,1.4270387480764899,1.5007061947076299,1.57138306641188,1.64931213796559,1.73835974778844,1.84005662401223,1.95266042558304,2.0739003659639499,2.22834647599058,2.3965965663993898,2.5760427015109202,2.7591055582552499,2.9330243662005802,3.1217201730442401,3.3113832176778102,3.4964048158860699,3.66960511173939,3.8235465259588501,3.9524938584169398,4.0539906803651098,4.1293021114173003,4.1834265537046198,4.3700679856146198,4.2422843477030998,4.2542533684990698,4.2629562664957001,4.2679690163130504,4.2760390751154196,4.2802461324080596,4.2851097464756798,4.2970404279973096,4.3039650897784698,4.3113846654746002,4.31915873117772
4/A1,0.15244471017871999,0.23354646823401001,0.28317321001161999,0.37980960131745001,0.49233092436879,0.61538020105307001,0.76846160819238996,0.93756410485473995,1.0775323373444701,1.2098334204457999,1.29540960294942,1.36269814650926,1.43042784108666,1.51869124149914,1.6357354313122701,1.76785866243465,1.9086461096960301,2.05489956884474,2.2088410847088,2.3675927271394102,2.53023383472493,2.6960632204189898,2.8646940038656199,3.0370358906096402,3.2107328734547198,3.3837307411164699,3.5588125179327998,3.73218454032502,3.9005956191611699,4.0596571737034903,4.20410375231413,4.3286174882326698,4.4292780082451397,4.5050463220221397,4.55909559094186,4.84800511700979,4.6176436011799096,4.6317269132838499,4.64291652754273,4.65215836000311,4.6718098148573102,4.6829349323690499,4.6950450184086003,4.7216733451898696,4.7357828021524098,4.7501528794905203,4.7646089729325096
5/A1,0.17094409839177999,0.24832192835159,0.35513063150375002,0.40239378727664998,0.53051111409630003,0.67531969206831,0.83627225262327998,1.0028784808309099,1.1558746212512301,1.3260827388107299,1.4961919557341901,1.66447372967893,1.8325455241878399,2.00042840407054,2.1687649997860299,2.3318771071050199,2.49977608771268,2.6585744675042302,2.8316536211101,3.0074975092515799,3.18646131847908,3.36850245357684,3.5530461788593599,3.7564093328784498,3.9599104984186102,4.1104552686545901,4.2925893392524701,4.4689300394677201,4.6352599559687002,4.7861952730560997,4.9159933682977499,5.0202652532028704,5.0973937917434,5.1493609585171098,5.18616407688764,5.4050203365494296,5.2100907013788396,5.21056304682606,5.2146822379781499,5.2194143755455302,5.2356482241959004,5.2465286303388501,5.2587902747560697,5.2859103539880499,5.3000786228145103,5.3143092839775798,5.3284116145311398
6/A1,0.20315676596561999,0.31185977925014002,0.42651514916450001,0.56771465335983995,0.72199792748742997,0.78869191396167004,0.95802249037514997,1.13085187928246,1.31050300403563,1.50887553563204,1.7134754618244601,1.9113706158527499,2.1159560638023298,2.3160552021127101,2.5092774302566698,2.69671121087555,2.8764306291882402,3.0451613802339299,3.22012733741676,3.3941997409231299,3.5674997809468301,3.73904373576244,3.9072317695671801,4.1169474266778199,4.2934904860439298,4.38272151778032,4.5353587205704198,4.6902204178916698,4.8513438373438698,5.0230973452251604,5.2090939042854796,5.4112100397274601,5.4848807312119501,5.6780386036223902,5.8931397484273296,7.03309838688814,6.3767715889982801,6.4860881305641396,6.53747348268283,6.5838896305224699,6.66910059255052,6.7083746553464003,6.7457218492314004,6.81482877270071,6.8466153240344303,6.8766047031541602,6.9047967073357102
1/A2,0.1067257127918,0.1647766604717,0.23385662950880001,0.31294337278522,0.40125081323546002,0.49607312079263,0.53612153747514002,0.54014148225087,0.54403290691478001,0.54680957056055002,0.54824768779915001,0.54804777426203,0.54728929994250997,0.54626661136059995,0.54484618471412005,0.54342785463452004,0.54114405144211997,0.53797903343006004,0.53550704459218001,0.53366168652152002,0.53287407675791998,0.53354501109663999,0.53603751496564001,0.54083953851727995,0.54730077926309995,0.55396140674853001,0.56328487219399004,0.57401988172365004,0.58583374330885996,0.59838898764015003,0.61136285219127995,0.62445511728470005,0.63743336165044995,0.65013811081271,0.66279206121712997,0.77592272034119003,0.68573668020384004,0.69572581424077995,0.70540764583332005,0.71410467746146,0.72938833828593996,0.73579545734759,0.74139412124406001,0.75032211105927005,0.75378635998722998,0.75658923954644997,0.75888294669187994
2/A2,0.16399338406364999,0.24679180929038999,0.33001780426834998,0.41235235984809998,0.51068496398513996,0.54071804163642001,0.60619961787925003,0.71722369111488005,0.83642040328371003,0.96310216063484,1.09733458868705,1.2389968979908299,1.3879776993161299,1.54404961927967,1.7066837786278299,1.8744700421889,2.04210341843992,2.1795181899346501,2.2346976435221602,2.2536909409815999,2.2653034210343002,2.2754218538945499,2.28586751327986,2.2979451176815302,2.3108281595061202,2.3241433785258998,2.3398127954258801,2.3569407470641002,2.37507787037829,2.3939780961346502,2.4132901216268201,2.4327373203088198,2.45203497507433,2.4709627338404001,2.4897408377980002,2.67788798245128,2.5243654531173001,2.5398341020756399,2.5548422011160201,2.5685014225703,2.5931119743942799,2.6038337199459902,2.6134835994155599,2.62979612435262,2.6365750672965702,2.6425277222958301,2.6477460265269901
3/A2,0.20995029505662999,0.31899264057562998,0.45320021037072999,0.59272425297914999,0.6064403947825,0.68999162633788003,0.82636433137418996,0.97489705823508999,1.13529485169153,1.30399389040514,1.48004620904299,1.6615729986852099,1.84615961296805,2.0248622779122201,2.1652310023563999,2.2322620049067501,2.2684785543210801,2.32962347783947,2.4763214207600299,2.6631652601192699,2.8503588433110298,2.9037892175446198,2.9296554294826902,2.9540092568801501,2.97815969959245,2.9984256902124198,3.0208518625524801,3.0434247238410301,3.0659429311087401,3.0882051461340398,3.109915256336,3.13111951918208,3.1514671232501201,3.1708338800720099,3.1896094491232598,3.3555659185320699,3.2228729308261301,3.2372964955835699,3.2510623399529002,3.2632658171840698,3.28498388845553,3.2942305055057401,3.30245435899216,3.3160396078112,3.3215957125382798,3.32639465535039,3.3304779732168699
4/A2,0.23397242930209,0.36231230516914997,0.51566440033229,0.62045390631182995,0.76112359544563002,0.83834185016825002,1.0189081287452599,1.2027707479321399,1.40022685200872,1.6022857938771899,1.80578928011777,2.0019972614615802,2.18995477880856,2.2944448243620399,2.37653175547733,2.5332890315271301,2.6999539216073098,2.7665102623894899,2.8143867888593599,2.85264720866678,2.8968941029908102,3.0792374281407602,3.2932395815395901,3.5150957958240698,3.7408171127606602,3.9672726991459499,4.1989692228917104,4.4323182563988803,4.6653132849242898,4.8949926438183899,5.1154234525923901,5.3163429636239297,5.4806252229557,5.5975222356444201,5.6766623443311,6.0285543376661996,5.7754568179637102,5.8098391928464101,5.8392275566398499,5.8641946827065103,5.9055038935106801,5.9224239189272199,5.9373424720569803,5.9619867585214896,5.9720737689730496,5.9809521162663799,5.9887299811104402
5/A2,0.34635266041788998,0.53216783310070004,0.59144509953627999,0.69034969574574001,0.88508537682199995,1.09789382067381,1.32463987868306,1.5561412718794501,1.7885321945528601,1.9965811271809399,2.1397946322308399,2.2134944056699499,2.2574135610836801,2.3648472358441999,2.5080327515703802,2.6221400643382098,2.73834043727837,2.9461317181776998,3.16505909623119,3.3885952385329499,3.6160835931851398,3.8465914035995401,4.0795561804664997,4.3152678978082104,4.5516073741915299,4.7838570537954901,5.0143115493903503,5.2346764244222701,5.4310210605299902,5.5850784123512103,5.7013743859725299,5.8104977553380399,5.9427653632005999,6.1147439557777696,6.3201102814294803,8.4060033867199504,6.7759630739552401,7.0114548190636903,7.2494713516233498,7.4871469010205001,7.9583276148422302,8.1882937558039597,8.3208093771857499,8.3458605556900096,8.3548696701747591,8.3629463564531807,8.3694311770108705
6/A2,0.44089268243185997,0.62014438432379004,0.75520990887702,0.76289724885637999,0.98374967273626002,1.2314490741011399,1.5024205194225999,1.7790272290934801,2.0806469558780298,2.3816963592609102,2.55050105560569,2.7698026596281302,3.0233801515691199,3.2609313629319998,3.4035457007848602,3.5647142513516701,3.7533783140338399,3.9643474319596699,4.1918903044159297,4.4314211630939502,4.6792874528108497,4.9331380206977,5.1911672075164104,5.4521723172646901,5.48484058794027,5.5531375663701104,5.6229036954552196,5.7020480557222699,5.8058774309692298,5.9558330898215797,6.1521526839833696,6.3749966248827103,6.6097986017181798,6.8501388219690398,7.0944371498532597,8.7837585086620695,7.5830679323151902,7.8250757366597101,8.0673010765146191,8.3072689313215093,8.2988582186906594,8.3169647774355102,8.4263000359889499,8.7438689998152004,8.7554428056420903,8.7635958852832996,8.7693847384900891
1/B1,0.057291478081259999,0.080987539130180003,0.11013894675362999,0.13595760234602,0.17240588575853,0.21329064515721,0.26126825052434999,0.31399059833752002,0.37328033665451998,0.43980824841104998,0.51271029331701001,0.59064311222257004,0.67580849687236,0.76774023925448998,0.86728636175053997,0.97516703835631002,1.0917833168292701,1.21572690806103,1.3485183502210301,1.4877115170939399,1.63233746390176,1.78221550036944,1.9375555666079201,2.1104512834485298,2.2791881759405199,2.4386536381530299,2.6116670768240602,2.78231054447894,2.9448257590584199,3.0934307900345401,3.2229338751808498,3.3300890954673701,3.4142553472905002,3.47721196075836,3.52815663118706,3.6478516936762202,3.5782242812816598,3.5857696983007199,3.5934896306019701,3.5959227976280799,3.6015500149464099,3.6037890759699698,3.6061506588364201,3.6116322273309001,3.6147504766155398,3.6181054726102202,3.6216161929229802
2/B1,0.093956890331239995,0.1405159799929,0.19262365789694999,0.25122970725757998,0.30806989473632002,0.36782849971303999,0.44101975850211,0.50045541483375,0.57458519032932998,0.66341122011262998,0.75886654891636995,0.85983197892756003,0.96714156027644005,1.0804403564032701,1.2003679088004799,1.3277124225719501,1.46322463753964,1.6060028772092101,1.75597614322534,1.9116129190290101,2.07182086665938,2.2360582616489202,2.4045893817386501,2.5835653382690098,2.7672600543837298,2.9414181913504902,3.13035006078956,3.3205264010405799,3.5062237740285598,3.6801562237062502,3.8347645419855501,3.9641836915420101,4.0658826761418299,4.1411837103127498,4.1950807371469496,4.3836911094762598,4.2538994309304803,4.2664325865377899,4.27537345132742,4.2807113756553301,4.2892088052746704,4.29354644940135,4.2984894791706001,4.3104551846737902,4.3173700873689,4.3247600475198302,4.3325072157146796
3/B1,0.15167161701094001,0.23118642963632999,0.27714996307923001,0.36701824137333999,0.46254925181746998,0.56354138062449,0.65608902566482996,0.77122244204764001,0.89057146587914005,0.97171486091657,1.0828257655938101,1.2187053157693599,1.3565903832375099,1.49982520831539,1.6465388791092801,1.78462045176555,1.9433088631895099,2.1023394882978899,2.2706229828332201,2.4417456459623099,2.6156098753147798,2.79258669011364,2.9797281017621202,3.1633803525730801,3.34953378991885,3.5454836497494302,3.74814474041457,3.9473748866550098,4.1385468003675401,4.3147990916499497,4.4689798324574701,4.5956815886403302,4.6929028647641697,4.7625079318300001,4.8506251556068598,5.0333735976643297,4.9063309318745798,4.8698717071326598,4.8789783518625098,4.7906438827838898,4.8210887302632504,4.8376953521632799,4.8549508205544498,4.8904411118236402,4.9082329563543396,4.9258173213312197,4.9430562463632501
4/B1,0.17026532811398001,0.24705432859696999,0.35321676583466,0.40126260589256002,0.52917895738316001,0.67381671714587998,0.83460329056389004,0.99983943581543999,1.1525803419656999,1.32291234873373,1.4926456208021801,1.6594957713512499,1.8275736622226,1.99559702369917,2.16412160581431,2.3296701006758398,2.499133207136,2.66396564783525,2.83716622713419,3.0124396959391899,3.1908414699994001,3.3722979589861,3.55684023558684,3.75744114642381,3.9447853850779602,4.1150764160713402,4.2983832997672096,4.4763698629843001,4.6448976383862499,4.7984707403990097,4.9308592128469302,5.03727218345667,5.1160738255022,5.1691469416865301,5.2070250768834097,5.4199572422113302,5.2319188037897302,5.2312448174318096,5.2347270710777503,5.2380395732036797,5.2530280441714803,5.2633576159274202,5.2751675708494004,5.3016394036658996,5.3155946890410499,5.3296812019302404,5.3436810068388896
5/B1,0.20314109999224,0.31192675887473997,0.42644077353039,0.56769495889468002,0.72127089149955004,0.78853392934327005,0.95805824699256004,1.1312443065378801,1.31072221878482,1.50799798520123,1.71230310210742,1.90982825240978,2.1136115981343302,2.3138147907500501,2.5079186367854902,2.6962512131654299,2.8773015346955302,3.04969223848612,3.22519481760866,3.39988324048065,3.5737975926280399,3.7461126984279298,3.9153475097405601,4.1273961474305096,4.2883860963550502,4.3940209462226596,4.5457236834534402,4.7003527501001603,4.85994128598744,5.0289071524503903,5.2114224957676996,5.4101141187666597,5.62586589861652,5.8590990345947196,6.1126063956090801,7.0904502336814001,6.4532185425212099,6.5095797214901303,6.5636393017726897,6.6128123498622804,6.7028951347160302,6.7443805622051798,6.7838233804219596,6.8569227864885001,6.8906426062508102,6.9224986127741701,6.9525569663150399
6/B1,0.22295946018248999,0.33947302580088001,0.47596301329853002,0.63407728332062996,0.79096522474038999,0.97183369052809998,1.19335676348835,1.2546418794404299,1.4646345182684699,1.71220514794995,1.96711050323421,2.2058161782948398,2.4415966210703499,2.67010840189793,2.88986763845265,3.0988585496227699,3.30680452856565,3.5061919119513298,3.7078500018031701,3.9067724022953301,4.1036495806028102,4.2991856802640998,4.4945339440306,4.6964488003317904,4.8917404301167204,5.0706650557387203,5.2552535341119304,5.4320833640083404,5.5980871985748299,5.75095620876633,5.8894465771553604,6.0135020244322703,6.1232508786617901,6.2209495509899497,6.3106908068773597,7.5963101269654496,6.6683932459784501,6.9676620783603802,7.3531680043950498,7.3272482751455996,7.3664275113241597,7.3858901257010698,7.4055147380506998,7.4450026950983297,7.4646303967099898,7.4840105747101102,7.5030173739464603
1/B2,0.079378104640660002,0.12345321165977,0.17605836254233001,0.2363461623858,0.23489797321513001,0.21212642605668999,0.20446562290931999,0.20346936487212999,0.20559694996128,0.20657024899241999,0.20657260785357001,0.2055506925101,0.20377931283046999,0.20191848115123001,0.19971900300427001,0.19753263218017,0.19446364738562999,0.19050743719534,0.18726049903118999,0.18461444867591001,0.18310325047424,0.18301948691396,0.18476805310908001,0.18884940073847001,0.19466151541904,0.20062364874581001,0.20932976352067001,0.21954870506995999,0.2309128092744,0.24303765153633999,0.25563214676343998,0.26838026859556002,0.28106182213651998,0.29348856698942999,0.30587697598372998,0.41727238210475998,0.32835186090193003,0.33816555724995001,0.34767765659081001,0.35617061989940002,0.37119264779666,0.37750211278049001,0.38302530824961001,0.39187241842251003,0.39531674780682002,0.39810149767025999,0.40034703973523
2/B2,0.10685389736185,0.16504205019111001,0.2343165895488,0.27446233790134,0.30373239239618,0.37662838247341002,0.45443237993754998,0.53251115755544998,0.59772303155248996,0.63358320334175999,0.64955483073722997,0.65707338148163996,0.66143463065513997,0.66424304182732996,0.66600261198571997,0.66730611598042999,0.66778951361017003,0.66745314574100001,0.66762075829184997,0.66831724219387001,0.66991396140370996,0.67291328747418999,0.67766708843273005,0.68468485227030995,0.69298972924454005,0.70214069397731005,0.71385108650760998,0.72709288306028996,0.74164112587588005,0.75718227155350004,0.77342068337836001,0.79004778453327995,0.80680755929851,0.82346350671127,0.84020392875905003,1.01810647202966,0.87158575875979005,0.88577501274147996,0.89967545128099002,0.91256149739742998,0.93583402290374995,0.94603980470710003,0.95526667088997996,0.97097706694675001,0.97758398642602995,0.98338878681192998,0.98847385885896
3/B2,0.16393234170015999,0.24654091588256,0.32824999755996997,0.31414055241407002,0.40268095125074999,0.49989996765696998,0.60493409813250998,0.69461339914439002,0.72987776339002997,0.80241288536257005,0.90300477060280004,1.0189822106408899,1.14586167990147,1.2823166417870899,1.4277322489236901,1.5815883898535299,1.74342395963904,1.91265184882716,2.0885210863036199,2.2511920358102699,2.2714752581729099,2.28356343781121,2.2953597682009699,2.3083823393810201,2.3221044159598199,2.33606772416422,2.3523608869372201,2.36996870001028,2.3885942526692299,2.4079278545241598,2.4276755890703399,2.4475317907854399,2.4672096977253499,2.4865024385355401,2.5056377866072301,2.6983289593500102,2.5409231413639701,2.5567127521059998,2.5720105713180099,2.5860356476668702,2.6112481260390399,2.6222181827742101,2.6321221521830802,2.6488941304021898,2.6558965195368298,2.6620336768522899,2.6674290981639999
4/B2,0.18608832962454999,0.28768954922029,0.40753138509775999,0.41905116319004998,0.53685286951896005,0.66147290701692996,0.68241469649285003,0.71808190720189002,0.83718909191860003,0.96405707771966997,1.0983440410434699,1.24006644772031,1.3887835483850199,1.5443950750517901,1.70611319743152,1.8722578752218499,2.0366191462752901,2.1718250112199802,2.2351174667942399,2.2789192260922499,2.46259936814391,2.65733002087735,2.8578310934806401,3.06459073216286,3.2750261210104701,3.4869805857722702,3.7046596279928399,3.9255363586476202,4.1491777541723298,4.3752218972734198,4.6033304354643496,4.83314818426605,5.0642362929299196,5.2957987213853199,5.5207079961658598,5.9055114067793699,5.6553611754423203,5.68853916088191,5.7171373581079497,5.7415944371180201,5.7823295070060103,5.7991513669479096,5.8139740499072099,5.8385001946457598,5.8486304089521601,5.8577088017204204,5.8655100671379001
5/B2,0.21043763800613,0.32559834621354,0.46401708530682001,0.53904569961961002,0.65633130530668005,0.68973058814154997,0.81409826527415996,0.96368086841302003,1.12388969334973,1.2921693925973099,1.46746380447374,1.6494069711619801,1.83333989667731,2.0139237030678099,2.1628050619066799,2.2415902793773901,2.2851384784945799,2.3510027625496699,2.4912903135636002,2.67478817548362,2.8741620213685999,3.0820797470379202,3.2963389440692299,3.5179949376955699,3.74383336066479,3.9681869459902401,4.1981878233427201,4.4289382816734202,4.6579294452947702,4.8807566907158204,5.0893313891679597,5.26969141940301,5.4074943179959796,5.5035554828566999,5.5796936357929097,9.2380861909602103,6.00267612775255,6.2358271414093096,6.4695675203724603,6.7025889606007603,7.1660420504136004,7.3956953040102302,7.6237629883379503,8.0735015154642795,8.2948934230183706,8.5130994555163095,8.7286078422174196
6/B2,0.23413392338193001,0.36273606103639,0.51621583639502,0.62243365908504,0.77188410302342003,0.89153784097519995,1.0570427708617101,1.2356263455904299,1.4218240101431501,1.6136092429217199,1.8101529501578799,2.0113742239881902,2.2165051086716598,2.3037728887686599,2.3772162511144299,2.5260989008197399,2.7211435175754599,2.93248148354578,3.1516942431661699,3.3758691556219,3.6041604601587398,3.8354223260418601,4.0684947461114804,4.3042889353974303,4.5405408728312704,4.7717941338985002,4.9982167562728703,5.2095214879256302,5.3866336636234697,5.5209607286472098,5.6329511695116699,5.7547423971109204,5.9100579912858002,6.1014671155691502,6.3178981075679097,9.8152845353414797,6.7810309255687304,7.0178036972524396,7.2564506813550196,7.4946815394529596,7.9671682663406704,8.1993287124788399,8.4289184224430702,8.8752198950370094,9.0846423556561398,9.2053205253655701,9.2214766562160708
,1,2,3,4,5,6,7,8,9,10,11,12,13,14,15,16,17,18,19,20,21,22,23,24,25,26,27,28,29,30,31,32,33,34,35,36,37,38,39,40,41,42,43,44,45,46,47
